<Lite>
  <Domain>
    <Id>0</Id>
  </Domain>
  <DDSI2E>
    <General>
      <NetworkInterfaceAddress>AUTO</NetworkInterfaceAddress>
      <AllowMulticast>true</AllowMulticast>
      <EnableMulticastLoopback>true</EnableMulticastLoopback>
      <EnableLoopback>false</EnableLoopback>
    </General>
    <Compatibility>
      <StandardsConformance>lax</StandardsConformance>
    </Compatibility>
    <Tracing>
      <Verbosity>warning</Verbosity>
    </Tracing>
<TCP>
<Port>0</Port>
<Enable>true</Enable>
</TCP>
<Discovery>
<Peers>
<Peer address="88.80.185.102:7400" />
</Peers>
</Discovery>
  </DDSI2E>
</Lite>
